10,-10,16
11,-16,13
16,-14,14
17,-12,13
16,-7,13
7,-6,12
-2,-4,13
-6,-1,14
-7,6,15
-2,13,16
3,18,19
13,16,21
19,8,23
21,0,24
23,-5,25
25,-9,31
13,-10,28
4,-7,28
6,-8,26
12,-6,24
19,0,23
-1,-1,2143
787,3657,-7562
-1158,2402,-7326
-2718,1080,-7007
-3969,-95,-6452
-5194,-1163,-5531
-6439,-2553,-4944
-7623,-3652,-4550
-8895,-4284,-4029
-9870,-4326,-3567
-10178,-4271,-3362
-9777,-4418,-3685
-1,-1,2144
-8808,-4457,-4168
-7382,-4065,-4452
-5657,-3304,-4312
-3765,-2477,-3809
-1830,-1662,-3133
-88,-947,-2450
1267,-440,-1801
2066,-63,-1206
2459,62,-620
2667,47,-126
2715,0,262
2721,-90,525
2591,-200,693
2404,-148,769
2330,-397,623
1753,-739,435
794,-701,528
-7,-236,807
-399,226,932
-789,266,739
-1206,164,370
-1069,-144,232
-1050,32,446
-1353,212,475
-636,-245,69
705,-595,-192
1067,-349,332
1442,122,1164
2464,210,1868
3524,293,2560
4871,-88,3412
6517,-697,4108
8116,-786,4718
9888,-831,5351
11376,-1208,5766
12040,-1695,6196
11908,-1195,6192
9992,-620,6258
7633,-820,5428
6792,-2349,3901
5911,-4370,2890
4165,-4917,2773
1833,-3448,3581
445,-979,4915
299,509,6481
310,721,7205
-601,-220,7061
-1620,-1817,6532
-1802,-3039,5823
-1226,-3585,5189
-397,-3782,4790
466,-3799,4587
1255,-3536,4560
2214,-2994,4578
2903,-2638,4601
3528,-2382,4600
4075,-2025,4515
4608,-1731,4436
5187,-1379,4384
5703,-821,4355
6000,-214,4293
6042,224,4109
5945,454,3769
5861,364,3353
5779,93,2741
5690,-208,2017
5480,-487,1388
-1678,477,-2334
-12526,2972,-6213
-12687,2338,-6855
-13022,1431,-7480
-13529,999,-7844
-13398,1754,-7958
-13017,3228,-7649
-11718,4590,-7114
-9348,5337,-6588
-6354,5856,-6135
-3197,6542,-5716
-640,7243,-5404
1232,7468,-5336
3149,7238,-5563
4715,6679,-5241
6257,6461,-4732
7342,6661,-4135
7600,6958,-3705
6981,6969,-3679
5723,6154,-4158
4479,4558,-5136
-1,-1,2145
3257,2428,-5964
1989,426,-6477
399,-1145,-6450
-1551,-2280,-5978
-3496,-3249,-5225
-5149,-4200,-4387
-6659,-4957,-3608
-8179,-5191,-3138
-9665,-4835,-2916
-10942,-4201,-2701
-11371,-3672,-2448
-11114,-3125,-2721
-11226,-2706,-2884
-10906,-2348,-3006
-10191,-1903,-2962
-9276,-1324,-2706
-8238,-623,-2334
-7035,-7,-1861
-5756,138,-1365
-4291,112,-1041
-2666,148,-769
-912,199,-555
849,137,-461
2566,-47,-524
4187,-293,-690
5820,-605,-837
7569,-1024,-862
9351,-1336,-653
11048,-1452,-167
12576,-1402,663
13734,-831,1862
14158,480,3284
13477,1783,4588
12308,2812,5346
11071,2907,5567
9943,1906,5189
8698,334,4512
7144,-1151,3917
5632,-1965,3660
4092,-2267,4147
2795,-2100,4980
1484,-1759,5861
16,-1864,6781
-998,-2158,6818
-2062,-2797,6696
-2919,-3531,6388
-3173,-4159,6074
-2530,-4553,5749
-1243,-4713,5567
303,-4576,5498
1917,-4007,5515
3656,-3193,5544
4963,-2638,5406
5942,-2537,5057
6800,-2633,4600
7651,-2682,4247
8385,-2625,4212
8907,-2025,4487
8612,-710,4832
7932,623,5106
7209,1523,5232
6552,1861,5143
5844,1595,4878
5110,896,4429
4511,35,3875
4044,-681,3200
3509,-1104,2519
2867,-1142,1838
2260,-739,1045
1654,-175,457
919,447,-148
0,910,-610
-1093,1099,-821
-2096,1095,-1127
-2995,875,-1458
-3897,526,-1826
-4610,251,-2265
-5134,223,-2865
-5885,878,-4765
-6620,1328,-6822
-7287,833,-7480
-8069,421,-7925
-8655,629,-8173
-8941,1481,-8292
-9019,2393,-8331
-8967,2857,-8329
-8566,2945,-8222
-7414,3161,-7915
-5611,3825,-7379
-3300,4710,-6658
-1026,5560,-5866
814,6269,-5192
2232,6606,-4733
3117,6627,-4584
3159,6380,-4709
2406,5848,-5069
1288,4952,-5599
-1,-1,2146
183,3804,-6259
-909,2446,-6736
-2244,794,-6734
-3522,-615,-6575
-4932,-1667,-6201
-6376,-2390,-5653
-7856,-2868,-4987
-9231,-3122,-4227
-10261,-3041,-3399
-10769,-2554,-2529
-10817,-1820,-1672
-10630,-1180,-953
-10296,-782,-497
-10009,-710,-263
-9448,-684,-464
-8867,-667,-763
-8104,-830,-1099
-7093,-988,-1346
-5882,-1010,-1470
-4451,-1013,-1447
-2840,-1082,-1283
-931,-972,-1121
1225,-908,-1032
3635,-1069,-1090
6232,-1421,-1238
9048,-1824,-1261
12217,-2346,-1011
15498,-2759,-398
18537,-2664,812
20281,-1227,2723
19362,1539,5181
16926,4376,7324
14789,5840,8892
13020,6115,9497
10447,5070,9207
6899,2132,8105
4148,-1766,6841
2372,-5120,5695
1424,-6910,5147
1115,-6944,5181
753,-5645,5814
556,-3661,6776
667,-1192,7986
683,-265,8386
713,-503,8102
818,-953,7606
1087,-1330,7058
1492,-1543,6523
2162,-1735,6193
3009,-1866,6017
3746,-1893,5849
4575,-1937,5661
5753,-2067,5572
7195,-1987,5649
8749,-1480,5855
9829,-659,6008
9958,181,5835
9274,669,5352
8493,581,4818
8137,240,3611
7955,-592,2535
7750,-1619,1413
7414,-2574,382
6979,-3154,-432
6261,-3139,-1001
5125,-2582,-1485
3477,-1913,-2019
1288,-1596,-2717
-1150,-1681,-3576
-3701,-1675,-4479
-6361,-1275,-5514
-9998,-310,-6143
-14172,1171,-6805
-17640,2659,-7232
-17865,3448,-7635
-15269,2491,-8330
-13619,-30,-9143
-13799,-2240,-9614
-13938,-2520,-9593
-12118,-849,-8979
-4106,3659,-6806
1466,5721,-5568
1348,6197,-5579
1087,6217,-6068
1388,5399,-6905
1520,3963,-7859
794,2392,-8683
-852,916,-9034
-2877,-740,-8638
-4577,-2240,-7817
-6306,-3295,-6504
-8090,-3664,-4881
-9551,-3341,-3385
-10636,-2901,-2284
-11591,-2933,-1537
-12432,-3292,-1189
-1,-1,2147
-13066,-2680,-1048
-13840,-1175,-955
-13484,996,-2776
-13484,996,-2776
-12572,812,-3776
-11490,907,-4280
-10220,1367,-4250
-8614,2063,-3835
-6403,2939,-3590
-3921,3513,-3459
-535,3221,-3862
3669,2615,-3677
6959,3064,-2865
9497,2345,-2619
11612,1484,-2747
13706,452,-2608
15808,-491,-1994
17929,-1196,-833
19941,-1417,1008
21168,-175,3752
20091,3423,7283
16727,8785,10446
12953,13286,12248
8309,14398,12012
2545,10573,9461
-778,4447,6361
-2448,-1485,3646
-3551,-4959,1449
-5635,-5290,753
-8252,-3200,1226
-9576,-1242,2166
-9132,-1586,2629
-7290,-4136,1995
-3645,-6023,1350
1324,-4656,1446
6867,-2629,2442
12241,-1782,3564
17421,-1342,4337
21172,2,5441
22652,1929,6633
21680,3432,7709
18586,3951,8300
14848,2931,8299
11125,1460,8148
7874,1052,7613
5484,1407,6908
3936,2171,6282
2716,2946,5756
1316,3417,5382
-600,3655,4877
-3025,3844,4485
-5488,4060,4308
-6457,3444,4382
-5440,1828,4526
-4230,-67,4753
-3381,-1759,4875
-1646,-2552,4754
618,-1907,4870
3047,-579,5112
4901,567,5227
6045,962,5029
6475,624,4107
6346,-208,2927
6140,-1199,1600
5851,-2191,224
5264,-2731,-855
4293,-2367,-1550
2907,-1265,-2040
1333,-254,-2648
-477,108,-3410
-2733,25,-4209
-5455,-73,-5150
-8820,121,-5930
-12502,764,-6414
-15478,1619,-6891
-16948,2617,-7325
-18697,2475,-7836
-18343,-683,-9398
-16092,-3103,-11391
-14067,-682,-11485
-11393,2629,-10051
-7502,4135,-8856
-3050,5072,-7857
3086,6931,-5957
7741,8425,-5106
9223,8434,-5799
9557,7626,-7211
9117,6297,-8728
7987,4966,-9746
6437,3745,-10219
4848,2645,-10686
3319,1656,-10205
743,1211,-8597
-1630,173,-6739
-2972,-2215,-5318
-4550,-5606,-4356
-6793,-8214,-3729
-1,-1,2148
-9623,-9739,-3182
-12337,-11003,-3134
-13211,-11871,-3852
-11419,-10510,-4790
-8327,-6666,-4713
-4442,-2822,-4318
-2027,-805,-3211
-657,-315,-2224
371,-257,-1504
1148,55,-713
1731,577,55
2055,693,609
2267,450,784
2301,192,778
2214,-17,782
2139,-155,831
2086,-275,928
2059,-428,1029
2006,-517,1241
1821,-403,1591
1564,-172,1980
1331,-8,2339
1002,53,2700
645,-21,3081
1099,288,3099
2153,706,3222
2999,1579,3856
3529,2759,4724
3671,3829,5380
3175,4395,5680
1215,2757,5524
-121,1280,7347
893,1147,9205
3143,1618,11172
5791,2433,12731
7978,2827,13465
9434,2480,13404
9062,1606,13041
7748,-532,11726
6554,-3268,10290
4819,-4870,8835
2607,-5928,7467
222,-5732,6268
-1688,-3659,5281
-2755,-516,4720
-2855,1688,4388
-1768,1371,3780
121,709,3245
1911,1100,3341
3581,1512,3697
5187,1251,3820
6404,462,3787
6963,-505,3688
6777,-1340,3609
6002,-1926,3592
4907,-2160,3658
3623,-1971,3777
2301,-1458,3972
1268,-827,4096
665,-212,4003
215,330,3786
-260,578,3472
-674,571,2520
-1207,115,1823
-1610,-393,1099
-1882,-708,386
-2065,-767,-304
-2311,-672,-1025
-2795,-509,-1841
-3512,-277,-2746
-4467,82,-3735
-5881,778,-4822
-7801,1838,-5942
-9301,2759,-6634
-10445,2959,-7330
-10884,2103,-8387
-10957,784,-9572
-10974,-116,-10417
-10942,81,-10550
-10409,1443,-9966
-8596,3041,-9044
-5984,3856,-8234
-3353,4148,-7662
-1231,4559,-7177
344,4822,-6867
-1,-1,2149
-1085,1707,-6639
-9550,-2586,-4438
-10601,-3680,-4235
-10536,-4456,-4677
-10241,-3792,-4782
-9081,-2071,-4659
-7131,-380,-4503
-5111,880,-4071
-3346,1530,-3257
-1900,1854,-2181
-292,1740,-1313
1293,1025,-846
2555,338,-592
3610,88,-406
4229,-19,-36
4669,-63,274
4820,-306,586
5016,-781,767
5357,-1150,1123
5699,-1029,1846
5847,-482,2854
5645,329,4014
5056,1353,5188
4085,2440,6201
2628,3321,6981
634,3598,7433
-1057,3295,7248
-2572,2041,6827
-3710,-1292,5483
-2882,-4371,3687
-2607,-4656,3189
-1898,-3788,3598
-120,-3379,3830
2250,-3139,3895
4460,-2495,4321
6611,-1805,4937
8856,-1426,5400
10752,-1092,5829
11694,-726,6315
11870,-709,6691
11481,-926,6852
10675,-1326,6785
9806,-2005,6513
8876,-2872,6179
7981,-3464,5986
7549,-3465,6071
7183,-2863,6295
6426,-1705,6563
5144,-155,6759
3424,1466,6815
1474,2778,6677
-510,3534,6413
-2288,3546,6164
-3781,2403,5840
-4684,-196,5123
-4064,-2626,4413
-3247,-3562,3922
-2164,-2927,3860
-970,-1652,4033
243,-715,4208
1569,-403,4188
3059,-283,4096
4454,9,3972
5797,366,3793
6889,594,3330
7596,630,2289
8112,-108,951
8113,-1631,-697
7413,-3490,-2229
5874,-4740,-3262
3621,-4693,-3880
822,-3569,-4354
-2134,-2096,-5095
-4828,-611,-6276
-7609,1027,-7633
-10886,2717,-8542
-13010,3836,-9223
-12590,3650,-10203
-11038,1569,-11513
-10780,-1654,-12479
-12159,-3431,-12644
-14313,-2745,-11758
-14575,-477,-10367
-13037,902,-8298
-10137,1833,-6289
-6644,3445,-4059
-2586,5614,-1878
1312,7604,-202
4777,8937,411
6325,8389,-678
6940,6115,-3194
6976,3669,-5594
6403,2100,-6994
4746,1555,-7434
2456,1434,-7146
244,1240,-7247
-1928,-23,-6684
-4226,-1664,-6434
-6711,-3421,-5990
-1,-1,2150
-12093,-4938,-4684
-15933,-3266,-3554
-16559,-1305,-2893
-16456,-1132,-3470
-14411,-1798,-4841
-12625,-661,-5059
-10447,685,-4705
-8345,938,-3855
-6264,980,-2648
-3829,850,-1374
-902,717,-509
2291,718,28
5307,580,258
7724,418,501
9771,178,656
11746,-113,315
13483,-867,-106
15221,-1781,-342
16323,-1887,213
16059,-746,1522
14402,1441,3177
12036,3643,4835
9940,5169,6244
8139,6280,6914
5824,6928,7066
2373,6810,6781
-1314,5193,6216
-4441,1461,5374
-5833,-2560,4490
-6697,-4876,4043
-6952,-5190,4120
-6033,-4316,4623
-4265,-3296,5437
-1858,-3857,5768
2092,-5344,5050
5860,-4858,4956
8993,-3333,5778
11560,-2366,6481
13278,-1831,6895
13934,-1394,7067
13659,-1022,7099
12589,-708,7015
10897,-811,6829
9277,-1501,6676
8213,-1858,6527
7582,-1466,6218
6903,-630,5898
5972,373,5545
4722,1254,5180
3254,1809,4938
1894,1969,4841
883,1768,4846
152,1324,4825
-415,744,4679
-788,157,4423
-1023,-238,4127
-1191,-276,3715
-1379,-53,3462
-1681,637,2927
-1877,1389,2414
-1816,1886,1954
-1523,2023,1384
-983,1763,629
-454,1103,-349
5,323,-1425
168,-255,-2485
-24,-495,-3389
-545,-274,-4207
-1325,203,-4915
-2400,853,-5386
-3432,1473,-5906
-4404,1659,-6443
-5310,1462,-7108
-5992,1081,-7874
-6269,775,-8633
-6368,640,-9242
-6396,767,-9644
-6294,1095,-9844
-6185,1505,-9831
-6135,1967,-9649
-6064,2409,-9357
-5772,2755,-9010
-5120,2935,-8591
-4325,2909,-8055
-3466,2806,-7440
-2765,2940,-6762
-2022,3189,-6091
-1324,3351,-5461
-828,3354,-4906
-616,3329,-4492
-678,3296,-4229
-1098,2847,-3957
-1678,2010,-3866
-2536,1118,-3908
-3460,241,-4013
-4300,-637,-4125
-5146,-1482,-4183
-6039,-2011,-4138
-6803,-2276,-4027
-1,-1,2151
-7001,-2527,-3909
-6181,-1911,-3713
-5808,-1522,-3464
-5455,-1242,-3190
-5014,-1162,-2946
-4316,-1100,-2714
-3429,-847,-2335
-2392,-553,-1857
-1102,-447,-1485
411,-583,-1196
1853,-711,-830
3128,-613,-261
4526,-259,1047
5751,74,2283
6523,39,2947
7342,89,3558
7883,478,4235
7986,1002,4903
7648,1413,5503
7109,2094,5765
6086,2525,5947
5083,2390,5844
4221,1683,5638
3452,935,5253
2617,160,4847
1686,-599,4539
819,-1217,4338
228,-1732,4197
-85,-2176,4136
-232,-2538,4159
-127,-3254,4182
1047,-4494,3986
2551,-4925,3861
4149,-4534,3978
6011,-4073,4383
7777,-3575,5007
9464,-3192,5716
10796,-2719,6507
11085,-1777,7390
10755,-320,8090
9628,938,8507
7957,1592,8618
6157,1646,8387
4467,1356,7838
2972,981,7036
1805,654,6041
1084,386,5180
963,58,4714
1423,-520,4671
2035,-1200,4841
2345,-1676,5171
2470,-1718,5405
2600,-1462,5527
2809,-925,5294
3065,-406,4916
3418,-39,3925
3598,-271,2909
3827,-888,1659
4219,-1638,248
4463,-2299,-1052
4061,-2588,-2060
2949,-2336,-2789
1347,-1632,-3399
-644,-736,-4037
-2975,109,-4850
-5459,990,-5981
-8426,2216,-6824
-11845,3730,-7636
-14279,4610,-8209
-14246,4006,-8954
-12731,1534,-10076
-12118,-1909,-10948
-13121,-3512,-11076
-14099,-1762,-10383
-12907,1936,-9088
-10057,4462,-7796
-6943,5017,-7051
-4359,4879,-6625
-2182,5124,-6196
-28,5679,-5743
2009,6056,-5452
3784,6067,-5495
4809,5438,-5796
4654,4403,-6160
3606,3246,-6467
2208,2279,-6798
418,995,-6501
-1414,-133,-6272
-3317,-1193,-5906
-5241,-2118,-5356
-7164,-2752,-4691
-9179,-3020,-3929
-11075,-2878,-3108
-12572,-2263,-2287
-1,-1,2152
-11778,-111,-2558
5723,1344,-1129
9302,184,-1235
14866,746,-39
22779,-174,2367
28381,-589,3316
20856,4305,6194
11993,9033,8576
9650,10385,9641
8905,9464,8843
6374,5942,5898
3205,212,2737
797,-4958,695
-1783,-7522,306
-4943,-7313,1295
-6962,-5347,2669
-7330,-3025,4016
-6518,-1895,5013
-5010,-2416,5276
-3073,-3813,4902
-565,-4933,4158
2426,-5488,3463
5635,-5634,2989
8621,-5441,2802
11211,-5141,3029
13720,-4283,3747
14639,-2312,4758
14286,-2,5592
13563,1393,6175
10851,1308,6379
9364,421,5523
9118,-81,5010
8427,-466,4427
7407,-613,3747
6249,-498,3032
4942,-168,2395
3471,401,1879
1889,1061,1442
481,1620,1114
-527,1882,887
-1114,1725,802
-1428,1212,789
-1560,567,677
-1623,13,446
-1685,-315,226
-1856,-382,4
-2220,-243,-260
-2824,45,-627
-3649,334,-1032
-4498,655,-1619
-4995,1162,-2514
-5020,1580,-3375
-4823,1892,-4324
-4751,2025,-5325
-4747,1608,-6024
-5025,766,-6498
-5754,124,-6788
-6665,22,-6804
-7333,546,-6637
-7392,1529,-6416
-6729,2591,-6243
-5686,3350,-6226
-4928,3636,-6373
-4844,3508,-6607
-4966,2928,-6799
-4330,2288,-7095
-4065,1865,-7212
-3804,1753,-7236
-3382,1765,-7195
-3072,1728,-7105
-2905,1541,-6972
-2952,1155,-6755
-3227,669,-6510
-3678,144,-6187
-4382,-336,-5789
-5304,-748,-5267
-6146,-1018,-4700
-6980,-1150,-4129
-7846,-1226,-3520
-8677,-1201,-2960
-9278,-1088,-2486
-9587,-913,-2082
-9964,-739,-1765
-9528,-621,-1499
-8730,-370,-1241
-8070,91,-1069
-7464,535,-1013
-1,-1,2153
-7046,789,-1015
-6936,883,-1104
-6962,833,-1315
-6686,721,-1718
-5873,516,-2268
-4554,336,-2886
-2929,326,-3454
-905,409,-3990
1413,427,-4276
3893,429,-4275
6588,298,-3917
9284,58,-3117
12065,-387,-1863
14884,-590,-289
17642,-250,1731
19719,1172,4118
6504,2949,6987
446,-5613,894
452,-3935,1885
1143,-2930,3126
2633,-2560,4309
4454,-2297,5236
6068,-1857,5795
7175,-1491,6012
7879,-1491,5967
8542,-1839,5885
9162,-2051,5893
9506,-1837,6022
9248,-1248,6271
8541,-425,6528
7607,348,6747
6520,875,6830
5490,1003,6661
4659,584,6294
4112,-223,5788
3997,-1131,5298
4339,-1812,4931
4868,-1999,4651
5314,-1757,4486
5493,-1220,4341
5350,-568,4127
4897,17,3700
4365,318,3208
4020,227,2752
3927,-32,1872
3983,-602,1147
4083,-1339,473
4053,-2083,-285
3802,-2698,-1036
3178,-3018,-1706
1980,-2876,-2365
119,-2206,-2991
-2365,-1123,-3505
-5169,118,-4305
-8298,1191,-4825
-11367,2037,-5408
-13948,2439,-5867
-14872,2241,-6416
-14104,1505,-7179
-13315,652,-7960
-14290,304,-8463
-16605,635,-8489
-17980,1165,-8209
-17177,1402,-7853
-15008,1461,-7388
-12536,1926,-6627
-9797,3070,-5638
-6737,4418,-4614
-3389,5394,-3835
-95,5900,-3408
2832,6088,-3261
5032,5964,-3436
6047,5475,-3901
5731,4632,-4477
4592,3518,-5053
3232,2252,-5564
1803,906,-5964
18,-513,-6286
-2269,-1926,-6343
-5028,-3038,-6282
-7953,-3861,-6029
-10616,-4643,-5343
-13271,-5176,-4470
-15662,-5044,-3693
-17028,-3809,-2696
-17493,-1381,-1472
-17157,961,-283
-16619,1578,285
-16068,-866,-1074
-13154,-2338,-3084
-1,-1,2154
-10096,-477,-3046
-6461,1422,-2226
-2602,2141,-1640
1262,2528,-1227
4791,2727,-517
7320,2344,-294
9950,1369,-1052
12688,622,-1666
15266,135,-1878
17792,-262,-1686
20228,-594,-1055
20902,7,451
18359,2241,2461
14632,4787,4353
11835,6316,5973
10253,7029,7006
8902,7338,7383
6837,7297,7155
3663,6755,6521
-313,5640,5727
-4204,4010,4988
-7018,1901,4486
-8125,-548,4178
-8212,-2782,4110
-8933,-4243,4557
-7226,-5606,5204
847,-6847,4107
7482,-5814,3684
12635,-3617,4923
15993,-1094,6656
18032,746,8066
17692,2121,8708
15240,2409,8806
11728,1083,8528
9099,-1655,7816
7787,-4643,6699
7253,-6389,5836
7248,-5628,4911
7409,-3348,4480
7741,-458,4517
7843,2243,4900
7370,4272,5242
6198,5319,5354
4494,5335,5046
2448,4379,4712
766,3126,3803
-418,1901,3107
-1091,1061,2357
-1484,791,1767
-1789,985,1352
-2005,1415,1004
-2053,1842,743
-1904,2081,672
-1771,2307,420
-2104,2654,-397
-2968,2707,-1153
-3908,2434,-1994
-4594,2016,-2970
-5009,1689,-4242
-5220,1175,-5114
-5706,663,-5923
-6169,441,-6630
-6589,831,-7166
-6721,1582,-7530
-6196,2326,-7880
-5257,2653,-8360
-4174,2581,-8998
-3075,2474,-9612
-2049,2517,-10004
-1152,2617,-10190
-478,2732,-10225
-321,2656,-10187
-656,2349,-10135
-1269,1878,-10053
-2090,1177,-9848
-3172,390,-9542
-4387,-351,-9154
-5782,-819,-8641
-6979,-1039,-8023
-7648,-1157,-7379
-7951,-1112,-6753
-7854,-882,-6179
-7533,-515,-5634
-7126,-222,-5149
-6760,-175,-4705
-6604,-278,-4258
-6789,-586,-3850
-6715,-1169,-3781
-6355,-1374,-3769
-5527,-1016,-3629
-4347,-339,-3376
-3005,100,-3220
-1829,120,-3134
-985,9,-2941
-150,-35,-2613
994,41,-2570
1941,-461,-2854
-1,-1,2155
3869,-1500,-3596
5431,-2763,-3731
6079,-2832,-3324
6879,-2511,-2374
7867,-1897,-891
8988,-978,1111
10179,397,3457
11335,2466,5920
11812,5292,8179
10480,9128,9390
6256,12627,9307
113,14058,8282
-6205,12679,6900
-10267,7865,5182
-11323,840,3097
-11277,-5770,604
-11078,-8541,-1213
-10072,-7558,-1442
-6701,-5265,-712
-1420,-3394,24
4119,-2676,981
9371,-2150,1895
14489,-1617,2905
18338,-539,4405
19835,1291,6326
19648,2625,8287
17972,3542,9813
13428,3092,10704
8971,160,10133
6793,-2442,9142
5121,-4387,7972
3867,-4969,6863
3087,-3985,5921
2715,-1869,5339
2342,645,5175
1568,2851,5336
596,4291,5705
-384,4882,6012
-1485,4706,6122
-3167,3339,5904
-3910,417,5077
-2552,-2003,4204
-473,-2849,3667
1906,-2565,3443
6273,-1214,3519
8179,-795,3266
7785,-773,3048
6963,-722,2778
5936,-632,1985
4785,-927,997
3735,-1610,-318
2777,-2614,-1883
1745,-3572,-3485
418,-3877,-4780
-1517,-3104,-5795
-4758,-1458,-6172
-8805,914,-6629
-12817,3288,-7139
-16146,4710,-7832
-17199,4173,-9123
-15876,1538,-10913
-15037,-1920,-12404
-16140,-3839,-12803
-16881,-2736,-12275
-15016,370,-11185
-11342,2948,-9859
-7654,4098,-8609
-5241,4914,-7442
-3355,6006,-6580
-1988,6564,-6052
-1115,6560,-5862
-604,6081,-5893
-412,5234,-6049
-242,4144,-6398
-278,2742,-6819
-697,1212,-7284
-2077,-881,-7033
-3722,-2516,-6717
-5638,-3629,-5996
-7510,-3722,-4905
-9055,-2627,-3477
-9837,-996,-1839
-10007,366,-276
-9839,1067,785
-9577,1206,1275
-9618,586,1265
-9133,237,425
-8733,-44,-414
-8003,-308,-1361
-7027,-562,-2202
-5858,-573,-2889
-4518,-432,-3449
-3208,-667,-3742
-1496,-530,-3866
395,-158,-3484
-1,-1,2156
2419,202,-2803
5320,213,-1689
8013,-216,-466
9767,-655,406
11555,-876,1471
13229,-610,2854
14357,490,4604
14255,2454,6540
12756,5195,8248
10091,7426,9525
7444,8209,9891
4887,6712,8998
3267,3104,7074
2539,-883,4886
1811,-3673,3283
770,-4688,2532
-233,-4532,2416
-485,-4169,2824
-207,-3934,3489
509,-3907,4242
1699,-4035,5014
3450,-4146,5771
5707,-3957,6418
8147,-3466,6905
10416,-2851,7464
12249,-1973,8089
13093,-707,8585
12499,545,8891
10618,1191,8877
8303,903,8480
6412,-107,7774
4401,-1929,6098
2811,-452,5138
3419,1502,5659
3723,1864,5693
3721,1892,5580
3478,1785,5278
3112,1620,4867
2873,1246,4320
2710,779,3316
2531,122,2326
2386,-520,1226
2323,-1056,103
2285,-1456,-955
2224,-1708,-1910
1986,-1809,-2754
1239,-1698,-3473
-200,-1286,-4288
-2474,-783,-4607
-5016,-26,-5130
-7264,715,-5469
-9184,1225,-5822
-10365,1337,-6282
-10746,1103,-6879
-10856,784,-7556
-11012,730,-8203
-10976,1129,-8773
-10493,1750,-9181
-9494,2364,-9463
-8053,2840,-9712
-6561,3090,-9839
-5443,3305,-9784
-4658,3541,-9579
-3739,3681,-9321
-2870,3635,-8940
-2241,3522,-8486
-1851,3387,-7997
-1852,3143,-7471
-1784,2750,-7085
-1582,2128,-6799
-1683,1396,-6529
-2255,773,-6298
-3326,-73,-5730
-4357,-826,-5277
-5440,-1255,-4763
-6663,-1221,-4195
-7830,-871,-3647
-8742,-545,-3127
-9361,-374,-2659
-9802,-281,-2244
-10191,-286,-1943
-10335,-177,-2010
-10290,26,-2178
-9979,-28,-2455
-9350,-272,-2846
-8556,-421,-3184
-7678,-816,-3320
-5761,-1391,-3602
-3732,-794,-3075
-1329,-318,-2435
1314,-333,-1925
4037,-300,-1438
6745,-167,-932
9220,-211,-455
-1,-1,2157
11808,-585,-37
14621,-1244,482
17636,-1530,1202
21243,-216,3593
19322,5308,7056
13523,9755,9165
8826,11887,10136
6261,11232,10025
3980,8215,8574
1761,3501,6076
452,-1219,3687
-925,-4451,1937
-2613,-5637,1003
-4580,-5442,890
-6059,-4671,1277
-6902,-3817,1858
-6794,-3415,2507
-5727,-3760,3036
-3326,-6241,3028
1909,-7477,2200
6684,-5483,2740
10837,-2573,4390
14820,-1037,6103
17771,-152,7688
17961,1430,9126
15586,3198,10154
12395,3876,10608
9569,2951,10472
7517,989,9701
5929,-1083,8532
4675,-2440,7319
3905,-2656,6233
3842,-1944,5358
4310,-767,4803
4824,358,4616
4998,1140,4606
4311,1508,4438
2626,1054,3721
1690,575,3244
1157,139,2688
1022,-145,1904
908,-441,1185
697,-726,463
382,-947,-295
-55,-1097,-1061
-694,-1147,-1870
-1600,-1066,-2715
-2690,-834,-3568
-3802,-380,-4600
-5130,20,-5062
-6548,643,-5791
-8104,1233,-6325
-9727,1726,-6917
-10896,1937,-7578
-11469,1871,-8340
-11553,1686,-9125
-11474,1602,-9817
-11266,1734,-10355
-10576,1952,-10684
-9619,2045,-10755
-8328,2100,-10580
-6763,2175,-10006
-5110,2472,-9137
-3488,2999,-8054
-1917,3697,-6945
-535,4390,-5978
554,4875,-5299
1187,5006,-4976
1171,4656,-4991
614,3749,-5248
-216,2333,-5665
-1159,714,-6131
-2407,-639,-6507
-4248,-1943,-6317
-6402,-2944,-6033
-8404,-3662,-5585
-10500,-3953,-4834
-12679,-3525,-3753
-14109,-2495,-2593
-14283,-521,-1696
-14722,377,-1045
-13483,-1447,-2209
-11660,-1990,-3149
-9753,-983,-3611
-7270,2,-3576
-4714,689,-3381
-1841,1180,-3046
848,1162,-2281
3474,1028,-1835
6383,872,-1518
9075,790,-1221
11584,797,-971
14029,628,-694
16271,-161,-475
18600,-949,24
20027,-546,1242
18939,2157,3027
-1,-1,2158
15036,5681,5096
11182,8430,6610
8553,9759,7268
6593,9642,7142
2010,6269,5002
-4078,-3432,2764
14721,-1582,4189
16302,-1093,5500
16447,-390,6942
15224,604,8136
13678,1395,8858
12084,1573,9149
10303,1200,8992
8412,454,8481
6804,-376,7756
5727,-878,7010
5163,-776,6390
5013,-133,5952
5223,698,5745
5624,1371,5699
5815,1711,5644
5511,1670,5511
4755,1283,5240
3819,590,4837
3015,-257,4348
2637,-979,3855
2583,-1382,3346
2579,-1558,2971
2438,-1498,2379
2126,-1288,1635
1635,-1145,915
933,-1038,126
73,-933,-781
-946,-788,-1835
-2160,-557,-2922
-3518,-172,-3817
-4924,465,-4725
-6693,1118,-4975
-10150,2459,-5945
-12082,2803,-7371
-12251,2517,-8389
-12436,2150,-9337
-12656,1942,-10055
-12282,2106,-10533
-11210,2435,-10740
-9525,2710,-10672
-7572,2976,-10314
-5505,3471,-9707
-3521,4119,-8932
-1663,4558,-8187
108,4581,-7645
1479,4190,-7246
2061,3602,-6913
1859,2977,-6671
1067,2227,-6453
49,1285,-6289
-965,189,-6130
-2121,-855,-5883
-3595,-1597,-5504
-5257,-1907,-5010
-6796,-1851,-4436
-8127,-1410,-3930
-9440,-730,-3434
-10637,-128,-2972
-11630,181,-2598
-12446,202,-2350
-13279,-1245,-2821
-11864,-2854,-4353
-10098,-2593,-5141
-7994,-1137,-5024
-6000,151,-4266
-3957,1081,-3501
-2177,1740,-2680
-479,1603,-1955
1209,1135,-1793
3282,508,-1927
5273,26,-1937
7093,32,-1698
8910,195,-1221
10673,-70,-618
12248,-412,62
13588,-289,1244
13687,1031,3093
12785,3445,5207
11704,5758,7239
-1,-1,2159
10916,7547,8786
10000,8779,9683
8210,9515,9696
5001,9458,9085
137,8055,7782
-4545,1754,4849
-5755,-4405,2364
-6701,-5914,1509
-7561,-5663,1400
-7678,-4820,1881
-6879,-4530,2546
-4572,-6099,2679
-63,-7032,2026
4835,-5853,2198
9253,-4050,3433
13621,-2850,4758
17202,-2314,6018
19539,-1615,7309
19212,79,8491
16469,1813,9246
12778,2293,9346
9608,1254,8743
7555,-713,7768
6084,-2591,6586
4865,-3519,5685
4246,-2677,4854
4168,-861,4501
4400,1124,4712
4689,2607,5307
4790,3349,5890
4434,3427,6223
3413,2968,6221
1975,2167,5942
752,1252,5596
59,503,5133
-138,41,4688
-8,187,3858
236,533,3165
603,941,2321
993,1183,1347
1220,1165,144
1257,826,-1312
1191,168,-2881
893,-624,-4317
216,-1211,-5585
-973,-1588,-6191
-2809,-1337,-6677
-5052,-505,-7004
-7196,755,-7510
-9055,1978,-8129
-10366,2759,-8907
-11151,2826,-9869
-12127,1724,-11226
-12949,546,-11959
-12692,726,-11895
-11574,1725,-11418
-9663,3039,-10681
-7261,4066,-9910
-4963,4450,-9254
-3033,4501,-8686
-1619,4284,-8101
-750,3707,-7501
-305,2990,-6911
-228,2366,-6345
-448,1841,-5869
-699,1251,-5480
-1025,610,-5181
-1672,-54,-4888
-2610,-660,-4532
-3713,-1078,-4062
-4925,-1196,-3495
-6092,-1027,-2880
-7105,-528,-2449
-9571,-428,-2099
-9577,-3659,-3922
-8353,-3065,-4448
-6503,-1312,-4198
-4005,107,-3658
-1475,860,-3116
399,1142,-2522
1725,1075,-2364
3130,573,-2439
4420,236,-2429
5520,83,-2135
6483,-232,-1705
7366,-734,-1271
8272,-951,-669
9106,-888,292
9795,-345,1584
10280,624,3099
10515,1971,4692
10216,3522,6277
9233,5393,7399
7242,7367,7869
3927,8607,7732
-1,-1,2160
105,8476,7174
-3144,6995,6307
-6562,4057,5021
-8104,58,3611
-9126,-4297,1636
-6695,-5843,885
-3068,-6087,552
787,-5222,864
4905,-3926,1673
9371,-2812,2409
14022,-2180,3147
17468,-1471,4121
18720,-640,5559
17882,771,7013
15246,1921,8334
12499,1987,9285
10247,1130,9475
8262,-371,8993
6407,-2062,8109
5003,-3507,7203
4212,-4256,6418
3957,-3994,5974
4690,-2306,5819
5983,-128,5929
6823,1704,6212
7002,2886,6375
6673,3340,6315
6054,3107,6050
5386,2316,5547
4944,-792,4502
5268,-2489,3599
5319,-2116,3295
5125,-1342,2519
4317,-717,1732
3107,-567,607
1493,-873,-752
-775,-1059,-2105
-3589,-386,-3170
-6243,1069,-4037
-8541,2655,-4820
-10738,3804,-5285
-12115,4416,-5712
-12005,4361,-6353
-11225,3751,-7422
-11180,2848,-8715
-11871,1931,-9884
-12150,1394,-10864
-11460,1145,-11525
-10192,1148,-11750
-8648,1589,-11572
-6923,2398,-11080
-5207,3231,-10386
-3835,3745,-9653
-2801,3987,-8992
-2533,3810,-8305
-2896,3286,-7522
-3511,2491,-6322
-3988,2225,-5194
-4132,2446,-4697
-4273,2562,-4421
-4557,2218,-4339
-5185,1290,-4462
-5984,124,-4657
-6908,-668,-4683
-7937,-744,-4465
-8844,-282,-4063
-9485,290,-3619
-9904,439,-3349
-9833,-325,-3604
-8659,-968,-4303
-7096,-335,-4407
-5278,568,-4129
-2985,1017,-3908
-992,1339,-3411
458,1490,-3017
1813,1279,-2996
2959,1058,-3138
3895,1037,-3287
4383,768,-3273
4688,268,-3329
5128,-236,-3378
5486,-619,-3187
5649,-786,-2679
5711,-694,-1862
5774,-431,-788
5954,-61,491
6339,406,1945
6856,1041,3535
7442,1903,5145
7965,3069,6647
7888,4417,8053
6942,6130,8977
4999,7892,9361
2094,8758,9208
-1,-1,2161
-669,8027,8560
-3303,5272,7374
-4495,977,5734
-4851,-3147,4256
-5135,-5549,3473
-4968,-5843,3355
-3270,-4688,4145
-151,-5005,4856
2770,-5842,4937
5639,-5416,5285
8677,-4193,6063
11672,-2953,6915
14231,-2376,7238
15807,-2504,7088
16021,-2879,6846
14518,-3152,6613
11599,-3695,6210
8951,-4610,5637
7723,-5071,5207
7388,-4200,4764
7058,-2122,4565
6518,678,4546
5715,3477,4715
4776,5486,5021
4009,6250,5374
3445,5845,5601
2826,4598,5574
1926,2880,5357
829,1067,5041
-51,-499,4726
-398,-1556,4396
-62,-1857,4023
962,-1297,3726
2388,-168,3648
3498,1437,2945
3937,2187,2321
3864,1950,1329
3669,927,-36
3595,-612,-1596
3550,-2330,-3185
3227,-3742,-4500
2169,-4263,-5525
-317,-3917,-5347
-3646,-2438,-5222
-7190,-722,-5217
-10519,585,-5547
-13037,1536,-6202
-13781,2307,-7012
-13297,2981,-7917
-13751,3085,-8934
-15307,1796,-9960
-15763,-168,-11007
-15588,-1706,-11571
-15016,-1791,-11358
-13485,-119,-10447
-11305,2223,-9089
-8484,3993,-7906
-5544,4631,-7094
-3203,4737,-6436
-1506,4877,-5794
-296,4996,-5198
1253,4840,-4774
1934,3707,-5080
1597,2635,-5411
787,1472,-5775
-433,326,-5952
-2228,-966,-5537
-4091,-1787,-5157
-5985,-2335,-4528
-8002,-2570,-3670
-9895,-2150,-2752
-11101,-1220,-1773
-11168,-67,-977
-10952,1129,-398
-10073,376,-1272
-7940,-622,-2537
-6041,-158,-3188
-4638,527,-2754
-3753,904,-1784
-2783,954,-1084
-1659,738,-508
-347,622,20
1062,576,474
2616,556,823
4067,379,1065
5444,218,1198
6700,88,1403
7783,-142,1618
8936,-629,1757
10118,-1000,2045
10958,-833,2704
11278,-176,3819
11253,997,5224
10841,2755,6727
9786,4800,8188
7995,6736,9211
5415,7974,9583
-1,-1,2162
2303,7997,9333
-736,6661,8650
-3861,3726,7518
-5318,-518,6142
-5872,-4442,4788
-3464,-5862,3845
1627,-4313,4627
4227,-4659,4725
6710,-4946,4842
9144,-4812,5128
11145,-4055,5611
12391,-2715,6224
12674,-1166,6747
12052,51,7039
10708,536,7058
9113,206,6793
7634,-739,6285
6339,-1926,5762
5419,-2626,5325
4751,-2615,5056
4207,-2026,5068
3790,-1111,5366
3569,-121,5814
3485,765,6199
3376,1467,6376
3107,1968,6347
2580,2284,6058
1784,2273,5751
1103,2111,4970
758,1856,4041
626,1525,3110
558,1109,1965
670,492,765
1041,-172,-421
1323,-715,-1564
1227,-1052,-2669
828,-1134,-3651
56,-935,-4537
-1078,-514,-5462
-2670,-197,-5793
-4532,313,-6372
-6480,755,-6924
-8456,1275,-7742
-10383,1818,-8662
-11577,2264,-9681
-11912,2411,-10770
-12068,2019,-11756
-12344,1333,-12467
-12298,921,-12783
-11552,1160,-12710
-10129,1896,-12235
-8341,2632,-11454
-6550,3474,-10525
-5095,4111,-9436
-3818,4160,-8364
-2811,3734,-7375
-2050,3150,-6434
-1417,2771,-5549
-881,2691,-4739
-399,2803,-4115
-40,2775,-3727
67,2450,-3557
-334,1847,-3540
-7407,-1235,-3326
-5367,-666,-4484
-3628,-381,-4006
-2372,-256,-3495
-1145,-155,-3004
55,-159,-2473
1402,-132,-1914
2759,-145,-1349
4069,-132,-740
5167,-187,-15
6342,-264,645
7727,-485,1385
9150,-531,2422
10523,147,3697
11412,1480,5214
11593,3439,6630
10556,5705,7751
8240,7569,8338
5546,8175,8255
3013,7086,7563
982,4144,6200
325,319,4548
-276,-2984,3192
-1,-1,2163
-1196,-4856,2315
-1879,-5494,1922
-2070,-5550,2011
-1321,-5307,2323
309,-5045,2813
2336,-4857,3497
7503,-4031,5457
12763,-2131,7779
14386,-808,8825
14246,286,9544
12527,535,9749
10063,-460,9455
7977,-2480,8756
6746,-4662,7716
5971,-6119,6493
5375,-6382,5280
4947,-5478,4321
4771,-3659,3969
5004,-780,3943
5128,2311,4106
4859,4512,4375
4523,5246,4746
4476,4687,5085
4690,3356,5216
4979,1707,5107
5254,83,4844
5446,-1259,4494
5499,-2111,3972
5507,-2512,3358
5563,-2647,2670
5810,-2636,1803
6219,-2587,750
6377,-2817,-43
6046,-3270,-801
5163,-3836,-1555
3705,-4365,-2372
1611,-4531,-3205
-1315,-3953,-3998
-5299,-2669,-4813
-10171,-1112,-5827
-15643,696,-7126
-21663,3134,-7911
-24158,5668,-8415
-19522,7083,-9044
-13221,7641,-9960
-14254,8901,-11466
-21335,6264,-12132
-20008,-280,-13689
-16391,-5689,-14969
-14935,-3954,-13841
-11802,1539,-11418
-7911,4733,-8781
-4625,5907,-6925
-1601,5998,-5740
461,5592,-4784
1661,5105,-4031
2573,4656,-3500
3415,4268,-3205
4087,3714,-3089
4382,2827,-3086
4194,1698,-3141
3237,533,-3195
1300,-527,-3111
-1264,-1285,-3011
-4031,-1803,-2886
-6617,-2164,-2774
-9091,-2379,-2652
-11542,-2298,-2679
-14034,-2104,-2717
-15636,-2036,-2902
-16170,-2183,-3244
-15906,-3052,-4387
-13527,-3294,-5817
-10885,-1959,-6234
-8211,-289,-5970
-5169,658,-5553
8596,1210,546
9617,9931,8912
5181,11397,9341
2356,10697,8942
-1009,7670,7431
-2687,3157,5031
-3250,-1419,2754
-3926,-4430,1296
-4951,-5200,690
-5373,-4569,808
-4653,-3614,1386
-1,-1,2164
-2811,-3076,2037
-228,-3485,2495
3503,-4533,2678
7142,-4438,3089
10869,-3733,3935
14665,-3245,5031
17557,-2424,6419
18511,-760,8014
16186,1954,9959
12212,2438,10534
9576,596,10037
7484,-2161,9012
5871,-4815,7736
4706,-6545,6393
3987,-6946,5212
3958,-5652,4489
4381,-2956,4068
4200,125,4063
1735,4045,4564
739,3480,4707
712,2638,4538
832,1881,4320
1290,1045,4066
2138,78,3685
3414,-768,3371
4625,-1163,3056
5561,-1132,2743
6253,-796,2403
6580,-396,2143
6546,-28,1509
6280,-21,569
4920,-2100,-1905
2443,-4667,-4495
320,-4780,-5498
-3075,-3906,-5732
-7386,-2097,-6021
-12147,49,-6541
-16880,2029,-7111
-19182,3342,-7743
-17455,3955,-8499
-15028,4665,-9609
-16780,3923,-10702
-18216,1578,-11598
-17502,-518,-12529
-15734,-1040,-12364
-12966,1031,-11138
-9604,3984,-9140
-5465,6217,-7434
-1439,6805,-6283
1743,6553,-5546
3657,5973,-4896
4325,5492,-4292
4364,5147,-3800
4066,4792,-3455
3515,4336,-3345
2729,3637,-3517
1597,2533,-3858
-265,780,-4360
-2056,-1131,-4904
-3998,-2674,-5130
-6050,-3667,-4912
-8247,-4052,-4582
-10708,-4033,-4120
-13021,-3801,-3572
-14554,-3518,-3051
-15208,-2449,-2836
-15777,-1650,-2615
-15284,-1892,-3347
-14094,-2129,-4561
-11767,-1487,-5170
-9537,-191,-4633
-7103,638,-3838
-4488,898,-3027
-1735,1060,-2039
1042,1134,-865
3748,1110,325
6387,1157,1284
8752,1266,1895
11016,1233,2053
13126,1061,1879
15080,856,1522
16631,547,1328
17085,728,1495
15736,1587,2108
13248,2710,2801
11013,3230,3458
9789,3124,3947
9119,2929,4258
4959,3275,4472
-1783,2734,4581
-4159,1829,4711
-1,-1,2165
-6269,910,4906
-7670,-215,5245
-7950,-1538,5763
-7546,-2508,6216
-5394,-4082,5785
-392,-5362,4481
4327,-4564,3587
10057,-2301,4579
13015,-2549,5574
12488,-2895,6081
10849,-3124,6632
9001,-3459,7127
7553,-3805,7418
6604,-3855,7470
5695,-3376,7333
4700,-2361,7057
3824,-1116,6790
3134,103,6491
2476,1077,6170
1781,1590,5853
1166,1628,5412
667,1184,4942
300,386,4510
690,-772,4004
2006,-1962,3598
3393,-2742,3391
4700,-2841,3439
6070,-2380,3748
7586,-1526,4129
9024,-592,4498
10035,155,4665
10419,510,4463
10155,142,4052
9604,-927,2886
9071,-2994,1737
8634,-5796,209
8285,-8432,-1252
7640,-9287,-2071
5987,-7511,-2387
2908,-3705,-2341
-818,-365,-3191
-5348,561,-4510
-10878,-31,-5911
-17630,-308,-7388
-26290,858,-8099
-32074,2500,-8338
-24935,3053,-9124
-14594,3504,-9894
-16467,4712,-9918
-22051,5143,-9604
-20958,3535,-11143
-16755,-329,-12210
-12760,-642,-11648
-8950,2598,-9421
-4652,5534,-6816
-433,7378,-4877
3075,7982,-3647
5516,8000,-3013
5981,7626,-2767
4902,6477,-3220
3997,4519,-4068
3178,2310,-4898
1806,481,-5507
-308,-685,-5728
-2753,-1289,-5668
-4943,-1709,-5596
-6897,-2340,-5561
-8975,-3214,-5181
-11592,-3819,-4758
-14674,-4046,-4029
-17262,-3623,-3415
-19107,-2787,-3031
-19699,-2701,-3234
-18938,-3144,-4462
-16596,-2544,-5526
-13910,-595,-4935
-10928,792,-3934
-7749,975,-2992
-4384,851,-2006
-902,685,-1018
2697,530,-52
6146,504,960
8980,428,1663
11217,478,1641
13515,504,1380
15893,485,1086
17955,290,636
20553,-73,219
22090,241,260
19461,1620,958
13760,3697,1817
8830,4885,2416
6886,4498,2693
6690,3526,2305
6171,2799,1686
4432,2627,1210
-1,-1,2166
-2259,3363,1152
-8463,2455,1724
-10323,481,2036
-10931,-2170,2084
-11266,-5884,2082
-7822,-8952,1174
-2170,-7671,738
3768,-4173,2221
8636,-1151,4825
15261,1743,9078
14883,4615,12554
12026,4816,12902
9272,2871,12399
7067,-740,11152
5276,-4502,9563
3908,-6924,8030
3268,-7554,6515
3413,-6636,5405
3866,-4405,4756
4079,-1595,4446
3737,714,4463
3091,2017,4614
2412,2288,4786
1908,1732,4919
1778,670,4944
2013,-401,4881
2466,-981,4710
3137,-1016,4514
4057,-779,4356
4994,-526,4195
5762,-408,3965
6276,-498,3781
6430,-746,3596
6279,-1067,3286
6003,-1420,2876
5692,-1864,2493
5642,-2314,1641
5727,-3019,668
5605,-4075,-397
5086,-5091,-1508
3804,-5231,-2314
1654,-4138,-2843
-1243,-2335,-3374
-4765,-554,-4094
-8572,702,-5113
-13033,1587,-5945
-17807,2554,-6542
-20526,3319,-6976
-18889,3693,-7665
-16151,4632,-8302
-19267,6761,-8626
-22645,5052,-9009
-18771,842,-11560
-15404,-1611,-12776
-12843,1120,-11545
-9053,4503,-9480
-3894,6006,-7749
423,6601,-6270
2956,6826,-5088
3902,6804,-4288
4051,6575,-3885
4228,6029,-3930
4341,5090,-4319
4036,3881,-4866
3326,2531,-5279
2451,1329,-5592
1406,316,-5757
-4,-457,-5844
-1962,-1060,-5477
-4394,-1451,-4847
-6816,-1752,-4353
-9425,-2179,-3958
-11830,-2728,-3750
-13713,-3252,-3657
-15283,-4127,-3570
-15128,-5575,-4799
-13648,-5289,-5736
-11176,-3102,-5734
-8253,-1283,-5275
-5280,-296,-4890
-2930,467,-3943
-1172,783,-2591
395,798,-1721
2361,703,-1079
4223,750,-357
5742,1008,372
7112,1214,995
8193,1170,1541
9181,988,1887
10049,918,2260
10467,1330,2727
10219,2072,3245
9293,2846,3786
7980,3466,4320
6514,3840,4711
5397,4026,4725
4310,3894,4684
-1,-1,2167
3082,3561,4524
671,2687,4254
-1872,1415,4164
-3285,468,4224
-4569,-325,4386
-5589,-927,4674
-6020,-1463,4989
-5644,-3096,5007
20,-5544,3401
5769,-3539,4279
8831,-2860,5109
11179,-2496,6005
12235,-2042,6967
12443,-1882,7817
11975,-1931,8244
10824,-2414,8258
9117,-3531,7814
7786,-4985,7222
7388,-5615,6463
7315,-5094,5737
7004,-3509,5248
6246,-1073,4839
5313,1512,4466
4337,3426,4295
3380,4326,4320
2527,4247,4485
1773,3427,4602
1132,2156,4573
785,858,4386
1273,-94,4156
3135,-569,3916
6109,-754,3748
9087,-966,3734
11057,-1314,3824
11217,-1971,3882
10168,-3088,3810
8967,-4569,3686
8261,-6254,3127
7647,-8064,2481
7047,-8891,1580
5835,-7386,750
3840,-4185,-234
1026,-1392,-1652
-2756,197,-3287
-7522,1189,-4840
-13076,2120,-6237
-19575,3252,-7215
-27200,4677,-7070
-30217,5119,-6507
-22280,3899,-6769
-16432,3867,-7344
-22728,3713,-7686
-24237,2282,-8494
-21195,1311,-9779
-16944,2792,-9706
-11432,5017,-8581
-5757,5914,-7322
-1039,6014,-6165
2984,5865,-5068
6762,5664,-3951
10156,5908,-2917
11887,6415,-2226
11159,6317,-2355
9467,5196,-3047
7757,3423,-3825
5620,1581,-4455
2585,107,-4883
-1115,-846,-5119
-4656,-1472,-5170
-7699,-2186,-5133
-10633,-3094,-5046
-13274,-3917,-5043
-15513,-4327,-5051
-17306,-4098,-4968
-18514,-3442,-4825
-18944,-2878,-4801
-18535,-2717,-5219
-17261,-2332,-5847
-15240,-1208,-6143
-12718,77,-5816
-9519,1102,-5186
-6469,2075,-3829
-3434,2385,-2530
-631,1863,-1582
1929,1342,-899
4135,911,-268
6201,643,175
8147,507,352
10006,428,332
11840,417,261
13476,448,134
14711,144,35
15282,-263,170
14868,-188,635
13595,383,1309
11979,1029,1945
10584,1368,2525
-1,-1,2168
9592,1493,3025
8701,1714,3461
-2233,1744,4353
2369,-4699,3121
13166,-2543,4821
16332,-2377,5821
18943,-2148,6851
20096,-1188,8087
19067,364,9395
16360,1489,10214
13363,1162,10223
11076,-653,9577
9526,-2955,8344
8226,-4867,6945
7195,-5859,5481
7341,-5318,4698
9124,-2302,3632
9721,762,3303
8634,3210,3061
6508,4817,2856
1568,5025,2465
-1191,3642,2295
-1918,3456,2276
-2583,3577,2242
-2953,3525,2163
-2881,3020,2000
-2304,2088,1460
-1699,1055,531
-1751,40,-408
-2343,-598,-1457
-3042,-717,-2475
-3921,-456,-3445
-5070,76,-4419
-6641,792,-5451
-8198,1416,-6167
-9304,2143,-7146
-9853,2623,-8074
-9977,2845,-9129
-9692,2730,-10164
-9362,2361,-11044
-8847,2016,-11584
-7953,2146,-11744
-6616,2690,-11610
-4865,3329,-11021
-3821,3537,-10289
-3649,3486,-9642
-3612,3368,-8880
-3579,3300,-8049
-3442,3191,-7175
-3199,3062,-6305
-2885,2965,-5499
-2529,2945,-4858
-2238,2902,-4506
-2054,2595,-4463
-2098,1977,-4673
-2498,1175,-4961
-3229,422,-5147
-4351,-29,-5171
-6040,-581,-4618
-7732,-912,-4081
-9375,-1107,-3571
-10789,-1442,-3210
-11779,-2351,-3068
-11625,-2539,-3533
-11029,-2263,-3918
-9492,-2013,-4374
-7627,-1468,-3966
-5304,-805,-3070
-2866,-302,-1947
-361,99,-820
2011,247,172
4196,267,921
5947,235,1450
7448,282,1837
8832,285,2021
10059,25,1994
11107,-88,1893
11763,61,1849
11913,239,1878
11637,478,2035
11178,816,2321
-1,-1,2169
10686,1263,2706
10052,1894,3177
9130,2804,3558
7824,3708,3858
6207,4412,4001
4402,4672,3955
2456,4463,3684
54,3575,3364
-2273,2122,3078
-4473,702,2834
-6638,-334,2730
-9908,-1608,2855
-11293,-3996,2929
-9271,-7527,2052
-5248,-8415,682
-725,-6597,751
3762,-4829,1537
8259,-4270,2099
12262,-4004,2972
15398,-2892,4308
12978,196,8464
6093,-1316,8989
4079,-2718,8102
2580,-3129,7133
1707,-2267,6253
1700,-499,5586
2119,1487,5230
2613,2861,5157
3096,3193,5239
3517,2713,5194
4101,1739,4845
4981,442,4326
6106,-644,3787
7165,-1353,3306
8144,-1681,2894
9092,-1766,2528
9866,-1782,2242
10213,-1828,1975
10129,-2019,1632
9945,-2449,1247
9674,-3063,812
9149,-3769,485
8394,-4351,119
7419,-4591,-325
5793,-4449,-629
3265,-3888,-748
-51,-3288,-1039
-4279,-3163,-1653
-9600,-3327,-2398
-15833,-3341,-3366
-23288,-2825,-4740
-30199,-1312,-5878
-28784,1501,-6318
-21111,5452,-6232
-21156,11640,-5759
-25406,9147,-6962
-16573,-433,-13051
-10822,-3256,-15889
-8837,1619,-13236
-4978,6971,-9353
292,9449,-6649
4461,9867,-4919
4240,8193,-4811
4228,5682,-5642
4975,2953,-6622
5510,733,-7425
4852,-1274,-7422
3057,-2633,-6815
553,-3215,-5715
-1991,-3382,-4271
-4336,-3605,-3047
-6556,-3908,-2500
-8602,-4190,-2245
-10514,-4528,-1879
-11945,-5002,-2333
-12475,-6104,-3368
-12067,-6473,-4547
-10757,-5320,-5169
-8676,-3401,-5230
-6319,-2046,-4980
-4378,-1402,-4387
-3002,-1018,-3508
-1827,-789,-2570
-530,-620,-1697
868,-347,-905
2141,66,-185
3158,450,384
3938,686,755
4477,847,1009
4799,1034,1088
4898,1175,1013
4784,1257,835
4432,1146,606
-1,-1,2170
4044,831,328
3417,305,22
2387,-553,4
1767,-1244,21
1333,-1583,337
1139,-1476,950
1273,-1017,1849
1700,-381,2969
2292,367,4201
2877,1288,5528
3343,2322,6822
5093,1635,7222
6751,1156,7208
6858,1470,7511
6269,1641,7781
5352,1334,7885
4635,487,7693
4230,-723,7228
4080,-1949,6694
4064,-2859,6320
4126,-3243,6139
4353,-3206,6095
4782,-2892,6090
5310,-2382,6144
5773,-1731,6226
6083,-1059,6313
6163,4,6055
5498,111,5094
5084,-339,4530
4887,-1078,3995
4902,-1998,3577
5034,-2833,3289
5241,-3368,3127
5398,-3448,3087
5425,-3015,3137
5393,-2170,3248
5452,-1102,3341
5663,7,3443
5882,1108,3509
5982,2058,3481
5894,2693,3234
5538,2733,3172
5002,2082,2865
4628,991,1504
4210,-718,105
3708,-2707,-1373
2925,-4018,-2530
1419,-3788,-3225
-1267,-2096,-3668
-4998,235,-4055
-9173,2059,-4757
-13690,2970,-5527
-17645,3432,-6343
-18830,3719,-7128
-16891,4202,-8102
-17902,4350,-9241
-19864,1421,-10383
-17912,-852,-12171
-15685,-280,-12405
-12604,2888,-11338
-8257,5526,-10076
-2949,6571,-9502
1365,6447,-9186
3856,5984,-8880
4284,5544,-8470
3503,5099,-8058
2796,4318,-7636
2365,3155,-7368
1799,1857,-7188
708,566,-6915
-711,-646,-6586
-2268,-1748,-6187
-3935,-2928,-5300
-5659,-3692,-4591
-7481,-4090,-3828
-9159,-3844,-3411
-10816,-2906,-2988
-12367,-1656,-2596
-13352,-882,-2371
-14112,-1271,-2552
-13860,-3027,-3901
-12458,-3612,-5019
-10855,-2119,-4990
-8421,-685,-4728
-5774,167,-4263
-3611,780,-2974
-1350,1504,-1269
694,2048,-166
2798,1859,354
4995,1653,547
7042,1664,700
8736,1694,823
10095,1647,880
10806,1213,967
-1,-1,2171
11123,629,1005
10706,618,1308
9561,1075,1859
8140,1502,2499
7051,1684,3081
6416,1715,3611
5897,1912,4139
5083,2308,4725
3743,2823,5252
2135,3436,5411
180,3563,5597
-1666,3083,5683
-3243,2179,5699
-5637,610,5650
-6375,-1793,5278
-3550,-4024,3974
29,-4246,2537
2579,-2884,1807
4888,-2101,1710
7312,-2663,1808
10093,-3535,1577
11584,-3644,2318
12156,-2645,4097
13948,-1272,6082
15577,-174,7646
16069,-393,8076
14855,-2575,7639
12690,-5979,6586
10345,-9035,5094
8650,-10826,3656
8056,-10809,2777
2696,-356,1289
2934,-3583,-23
4718,-455,849
5864,2188,1653
6308,3173,1902
6435,2978,1793
6240,2865,1522
5879,3212,1887
5550,4199,2671
5241,4983,3553
4127,4614,4331
2258,2195,4621
291,-1308,4358
-1210,-3850,3992
-2366,-4481,3308
-3016,-3440,1836
-2792,-1846,884
-1595,-1002,588
-8,-641,536
1246,128,503
2060,1078,612
2332,1658,533
2033,1572,239
1520,943,-104
702,337,-472
-284,-102,-524
-935,-923,-444
-1361,-1845,-471
-1535,-2188,-470
-1254,-1922,-255
-786,-1427,-65
-388,-982,-41
-107,-553,-112
168,-210,-140
353,-66,-129
395,-145,-161
306,-369,-216
92,-632,-271
-169,-774,-339
-368,-759,-351
-461,-754,-313
-423,-771,-273
-284,-734,-250
-123,-670,-259
-28,-595,-288
18,-605,-298
-39,-732,-288
-137,-886,-258
-260,-1005,-233
-395,-1051,-252
-482,-991,-286
-504,-856,-287
-431,-731,-271
-287,-649,-253
-187,-538,-258
-100,-400,-249
-49,-298,-220
-1,-1,2172
-39,-246,-190
-65,-257,-153
-81,-286,-144
-37,-264,-147
6,-140,-146
2,-54,-143
-16,-107,-165
-94,-190,-199
-157,-300,-222
-197,-429,-201
-218,-535,-148
-210,-539,-80
-210,-486,-15
-177,-263,19
80,97,68
310,268,100
462,436,131
500,496,139
409,438,108
270,355,55
147,326,34
158,285,34
190,232,36
118,113,32
-83,-146,6
-356,-449,-41
-575,-662,-89
-630,-665,-130
-537,-495,-98
-345,-298,-27
-188,-98,40
-87,31,95
-62,46,94
-84,55,55
15,203,8
155,420,34
129,433,73
19,319,91
-118,154,90
-260,29,74
-367,-39,50
-423,-34,23
-323,530,-97
-285,1308,-325
-279,1518,-455
-240,1887,-496
-130,2474,-491
106,3200,-470
553,4041,-369
1256,5118,-258
2071,6549,-3
2974,7919,261
4103,9098,705
5270,9758,1410
5805,8993,1774
6328,6246,1550
6982,2650,1060
7866,-292,711
8868,-1308,622
9708,-582,684
10268,403,540
8471,772,123
4521,1122,-460
463,1162,-1455
-3764,428,-2423
-6350,-316,-3273
-9353,202,-3996
-13072,1289,-5098
-17422,2130,-5689
-21207,2988,-5314
-24338,2328,-5047
-27017,339,-5156
-28513,-4308,-5541
-24636,-10231,-8567
-18617,-9875,-10373
-12544,-2632,-8272
-6494,3834,-4133
-1722,6348,-1094
1415,7000,483
2434,8463,842
1810,10074,181
706,9787,-1614
-303,7340,-3978
-994,4575,-5870
-1777,2988,-6902
-2754,2753,-7132
-3389,3350,-7008
-3734,4137,-6657
-4240,4587,-6310
-4968,4245,-6301
-5804,3031,-6689
-1,-1,2173
-5981,412,-7676
-3919,687,-7199
-1954,2007,-6161
35,2982,-5291
1490,3355,-4767
2318,3245,-4683
2368,2672,-4821
1741,1871,-5182
814,501,-5050
-6,-426,-4893
-769,-836,-4435
-1745,-813,-3592
-2831,-500,-2459
-3745,-122,-1222
-4863,183,786
-2660,-1118,1207
-1111,-1144,1076
-39,-746,1495
1151,-405,2043
1881,71,3003
2115,681,4113
2280,1085,5099
2452,1597,5682
2351,1796,6088
2261,1606,6037
2180,1155,5775
1838,813,5554
1427,957,5295
942,1031,4943
756,605,4291
876,-161,3402
1246,-832,2655
1679,-1069,2386
2171,-818,2711
2598,-191,3440
2939,647,4340
3284,1431,5059
3369,1747,5299
3188,1504,5199
2683,1008,4984
1845,497,4835
1142,83,4926
889,-85,5213
1020,92,5494
1480,395,5633
1974,686,5671
2298,804,5542
2336,652,5129
2010,211,4690
1464,-538,4332
1862,-1787,3941
3377,-616,4626
4265,463,5054
5219,1480,5328
5903,2326,5383
5996,2760,5161
5642,2491,4804
5139,1665,4440
4819,611,4144
4732,-346,3933
4856,-909,3770
5191,-882,3732
5794,-131,3876
6790,1342,4066
7797,2817,3547
7714,2586,2659
6501,508,1683
5613,-1849,655
5836,-2910,-310
5739,-2496,-1160
4925,-1281,-1797
4016,-186,-2474
2968,193,-3192
2057,216,-3403
873,-237,-3461
-315,-1125,-3405
-1532,-2026,-3285
-2961,-2617,-3111
-4641,-3009,-3031
-6544,-3182,-3182
-8360,-3044,-3507
-10177,-2720,-3886
-11976,-2381,-4243
-13503,-1988,-4500
-14582,-1364,-4750
-14706,-434,-5216
-14070,481,-5858
-12667,1018,-6531
-10803,1516,-7178
-8602,1957,-7528
-6315,2305,-7458
-4305,2740,-6999
-2791,3179,-6292
-1621,3419,-5576
-1,-1,2174
-599,3357,-5010
427,3146,-4524
1334,2965,-4125
1909,2638,-3862
2045,2227,-3772
1894,1802,-3755
1622,1465,-3670
1351,1376,-3490
1042,1459,-3263
683,1521,-3083
296,1485,-3038
-76,1201,-3134
-313,885,-3343
-502,670,-3557
-888,378,-3348
-1231,235,-3006
-1781,202,-2407
-2265,233,-1779
-2321,166,-1384
-2219,62,-1026
-1947,-156,-661
-1571,-167,-126
-1091,40,492
-406,174,965
309,169,1310
824,252,1665
1093,307,2105
1355,320,2549
1716,385,2992
2103,500,3453
2423,626,3862
2634,704,4146
2710,600,4269
2697,307,4232
2639,-57,4150
2563,-369,4056
2451,-598,4032
2134,-691,4114
1523,-663,4311
1138,-695,4513
1283,-928,4616
1671,-1157,4674
2049,-1234,4689
2162,-1708,4450
2259,-2489,4123
2809,-2773,3907
3349,-2633,3900
3622,-2386,4053
3801,-1925,4240
4009,-1284,4394
4194,-577,4526
4161,139,4633
3763,771,4662
3069,1151,4582
2260,1329,4460
1085,1595,4271
-93,1610,4089
-723,1276,3955
-1135,585,3793
-1224,-327,3557
-1151,-973,3506
-929,-900,3545
-492,-330,3653
-100,213,3751
137,289,3699
411,-120,3470
1102,-633,3124
2028,-697,2877
3007,-226,2677
3744,291,2382
4223,485,1773
4596,96,1120
4795,-553,375
4770,-1089,-296
4458,-1273,-860
3456,-1319,-1323
1857,-1473,-1470
690,-1298,-1568
-185,-1028,-1785
-1112,-827,-2251
-2546,-840,-2810
-4006,-896,-3324
-5328,-884,-3779
-6843,-717,-4376
-8269,-448,-5044
-9338,-216,-5583
-10091,-136,-6004
-10442,-76,-6328
-10378,267,-6519
-9744,748,-6559
-8601,1335,-6540
-7280,1973,-6479
-5905,2489,-6391
-4630,2850,-6319
-3578,3090,-6228
-2696,3302,-6072
-2005,3420,-5878
-1463,3258,-5665
-1,-1,2175
-959,3117,-5517
-670,2910,-5302
-556,2584,-5024
-527,2397,-4785
-555,2410,-4632
-777,2083,-4412
-904,1498,-4285
-1186,990,-4095
-1685,610,-3787
-2117,214,-3457
-2434,-174,-3137
-2689,-496,-2786
-2799,-597,-2402
-2669,-679,-2076
-2312,-879,-1837
-1673,-857,-1616
-902,-843,-1274
-107,-880,-849
1488,-583,61
2834,-181,978
3385,-106,1265
3855,-44,1477
4135,43,1747
4126,237,2092
3976,457,2390
3788,529,2601
3617,472,2758
3457,311,2915
3338,555,2856
2882,861,2890
2154,929,2962
1339,816,3011
540,609,3067
-192,360,3168
-751,152,3278
-1267,11,3416
-1877,-15,3625
-2262,-79,3883
-2226,-378,4163
-1663,-1157,4409
-639,-1637,4643
560,-1708,5037
1768,-1614,5475
2902,-1451,5819
4023,-1311,6072
5025,-1191,6263
5684,-1185,6314
5961,-1417,6210
5836,-1692,6052
5442,-1832,5877
4976,-1792,5781
4530,-1525,5781
4080,-1010,5831
3666,-379,5842
3150,122,5794
2652,397,5620
2259,247,5201
2201,-181,4760
2110,-410,4507
1853,-483,4272
1582,-465,4115
1321,-294,3916
1095,-25,3646
1169,171,3457
1549,259,3303
1981,330,2876
2285,367,2406
2582,331,1921
2776,241,1393
2747,16,709
2522,-350,-75
2132,-751,-1037
1558,-1163,-1994
757,-1475,-3012
-109,-1469,-3770
-987,-1185,-4499
-2157,-984,-4634
-3492,-443,-4864
-5212,302,-5136
-7376,791,-5584
-8914,658,-6180
-9798,250,-6795
-9894,401,-7364
-9561,964,-7687
-8843,1571,-7805
-7848,1807,-7828
-6656,1948,-7804
-5327,2274,-7588
-3921,2816,-7186
-2366,3260,-6727
-978,3546,-6280
-22,3712,-5889
855,3828,-5652
1695,3607,-5615
2299,3200,-5697
2498,2743,-5850
2293,2085,-6067
-1,-1,2176
1585,1421,-6315
364,269,-6126
-726,-708,-6013
-1708,-1361,-5676
-2561,-1603,-5030
-3288,-1443,-4156
-3858,-1029,-3187
-4210,-590,-2251
-4390,-211,-1463
-4535,-111,-926
-4427,-1177,-1182
-3667,-2121,-1899
-2796,-1807,-2050
-1964,-1254,-1561
-984,-743,-879
67,-315,-212
980,68,384
1673,381,878
2610,979,2038
1371,302,2081
876,415,2277
308,666,2587
-316,995,2960
117,-3,4009
3106,-1953,3454
2810,-2502,3563
2411,-2694,3830
2483,-2600,4135
3068,-2233,4458
3863,-1703,4798
4669,-1264,5064
5368,-1065,5210
5717,-1025,5230
5492,-1098,5108
4772,-1338,4927
3618,-1815,4688
2034,-2492,4630
666,-2688,4693
-218,-2273,4843
-685,-1421,5131
-691,-367,5515
-339,630,5898
-11,1223,6082
346,1164,5910
931,777,5266
1741,46,4538
2235,-171,3467
2628,-234,2802
2831,-34,2138
2914,337,1325
3065,603,476
3123,614,-551
3068,365,-1678
2671,52,-2944
1941,-105,-4306
951,62,-5558
-291,281,-6560
-1620,429,-7302
-4359,314,-8478
-6542,-13,-9243
-7332,-11,-9475
-8242,317,-9609
-8954,768,-9620
-9188,1352,-9524
-8821,2014,-9354
-8044,2519,-9157
-6960,3058,-8834
-5569,3627,-8355
-4005,3941,-7746
-2369,3991,-6960
-919,4166,-6240
406,4105,-5783
1224,3734,-5345
1572,2882,-4978
1528,1912,-4826
-1,-1,2177
975,825,-4662
-100,-108,-4289
-1279,-744,-3704
-2234,-1094,-2981
-3105,-1112,-2199
-3950,-1213,-1581
-4297,-2362,-1732
-3987,-3447,-2212
-3381,-3230,-2183
-2670,-2645,-1639
-1692,-2133,-1070
-622,-1610,-476
525,-1066,160
1568,-639,753
2204,-423,1348
2586,-292,1815
2856,-208,2170
3026,-71,2522
3216,154,2917
3452,423,3327
3672,648,3667
3738,803,3909
3677,955,3956
3382,963,3837
2919,665,3645
2354,363,3502
1692,147,3474
1022,-158,3543
366,-605,3702
-339,-1093,3971
-830,-1518,4269
-869,-1891,4493
-394,-2240,4615
538,-2414,4769
1629,-2329,5100
2681,-2101,5582
3714,-1771,6080
4696,-1439,6434
6148,-915,6775
5717,-982,6814
5116,-944,6743
4327,-698,6657
3267,-402,6519
2122,-218,6261
1124,-245,5903
503,-428,5536
314,-636,5214
474,-739,4987
850,-663,4852
1400,-437,4778
2041,-222,4687
2711,-117,4512
3370,-95,4236
3892,-107,3802
4222,-283,3263
4296,-669,2716
4119,-1050,2240
3741,-1063,1612
3231,-937,1208
2690,-702,699
2178,-511,-54
1481,-519,-1071
579,-744,-2191
-818,-1001,-3246
-2715,-986,-4115
-4689,-441,-5006
-6783,360,-5529
-8715,1068,-6112
-10122,1201,-6817
-10963,908,-7770
-11210,924,-8822
-10943,1484,-9631
-10092,2271,-10109
-8634,2909,-10417
-6617,3327,-10499
-4483,3879,-10212
-2466,4488,-9690
-605,4756,-9150
966,4666,-8690
1911,4431,-8240
2122,4076,-7785
1959,3549,-7438
751,2382,-7062
-1486,479,-6571
-2675,-549,-6444
-4033,-1477,-6211
-5507,-2186,-5870
-6911,-2715,-5399
-8098,-2961,-4790
-9011,-2901,-4029
-9632,-3628,-3427
-8465,-4198,-3907
-6613,-3660,-4151
-4308,-2905,-3972
-1868,-2160,-3322
-1,-1,2178
423,-1451,-2214
2474,-792,-898
4109,-201,317
5282,288,1206
6078,613,1818
6468,953,2390
6385,1138,2614
6212,1373,2380
5473,1310,2086
4619,939,1649
3860,435,1139
3200,-57,695
2729,-371,391
2233,-422,451
1680,-376,843
1292,-99,1408
873,336,2157
387,889,3011
-83,1448,3880
-1043,1853,5246
-1863,1936,5926
-2582,1120,6023
-2140,-755,5278
-956,-1935,4459
185,-1804,4532
1408,-1264,5171
2614,-928,5804
3578,-934,6180
4242,-1261,6271
4748,-1760,6224
5199,-2192,6223
5572,-2444,6376
5858,-2586,6536
6226,-2861,6565
6795,-3186,6418
7295,-3331,6161
7487,-3304,5893
7270,-3131,5682
6501,-2784,5519
5320,-2349,5323
4005,-1839,5134
2649,-1189,5008
1443,-444,4970
406,287,5020
-225,792,5139
-209,1016,5275
594,1060,5540
1652,1049,5736
2264,639,5599
2970,42,5222
3664,-130,4793
4311,233,4370
4815,656,4018
4880,859,3512
4749,1006,2750
4681,1012,2051
4435,1003,1299
3661,724,628
2491,218,-337
1300,-415,-1571
72,-935,-2990
-1394,-1063,-4375
-3065,-464,-5586
-5211,671,-6135
-7755,1952,-6267
-10299,2563,-6369
-11192,2092,-6790
-10655,1074,-7581
-9975,494,-8442
-9285,952,-9071
-7931,1785,-9417
-6034,2237,-9567
-4372,2577,-9537
-2993,3034,-9358
-1691,3368,-9151
-685,3486,-8904
-94,3562,-8600
350,3575,-8306
570,3427,-7963
519,3181,-7600
184,2715,-7267
-276,2062,-7064
-769,1299,-6992
-1370,624,-7023
-2126,-58,-6869
-2874,-652,-6418
-4280,-303,-5449
-5625,291,-4388
-6257,540,-3780
-6777,607,-3376
-7180,284,-3280
-7492,-421,-3427
-7825,-1299,-3566
-8057,-1810,-3423
-8056,-1842,-3011
-7672,-1966,-2653
-6688,-2101,-2704
-1,-1,2179
-5188,-1760,-2770
-3421,-1510,-2741
-1472,-1293,-2513
434,-1114,-1841
2215,-871,-812
3677,-723,230
4981,-689,842
6213,-746,1266
7510,-880,1588
8750,-746,1872
9692,-545,2204
10141,-317,2694
10039,129,3337
9502,726,4086
8791,1323,4806
8158,1994,5240
7307,2650,5382
5960,2686,5254
4196,1727,4754
2736,529,4187
-56,-234,4049
-2636,-390,4670
-3493,-742,5014
-3913,-1425,5203
-3783,-2355,5212
-3130,-3216,5176
-2048,-3683,5220
-579,-3867,5276
1204,-4109,5246
3090,-4245,5182
4906,-3986,5244
6567,-3545,5358
8049,-3188,5393
9250,-2864,5406
10166,-2443,5528
10616,-1810,5779
10532,-951,6075
10119,208,6316
9337,1293,6301
8211,1922,5964
7300,2147,5450
6878,2150,4881
6816,1988,4194
6872,1653,3528
6747,1287,3003
6305,1100,2715
5688,1208,2724
5045,1552,2916
4351,1890,3133
3548,1966,3288
2600,1717,3305
1604,1260,3171
621,789,2943
-360,407,2655
-1408,131,2310
-2583,-13,2054
-3743,30,1180
-5324,109,404
-6799,487,-449
-7955,1096,-1312
-8982,1665,-2164
-10075,1945,-3082
-11132,1985,-4140
-11812,1569,-4950
-12315,1338,-5903
-12313,1376,-6737
-11857,1824,-7471
-10850,2448,-8082
-9387,3001,-8593
-7598,3524,-8998
-5664,3871,-9291
-3779,4021,-9420
-2077,4092,-9362
-784,4013,-9101
-47,3945,-8566
180,4037,-7869
85,4061,-7152
-163,3944,-6555
-482,3597,-6268
-860,2898,-6311
-1179,2015,-6483
-1511,1232,-6519
-1942,686,-6358
-2489,343,-6056
-3130,154,-5694
-3917,63,-5352
-4777,73,-5082
-5602,133,-4871
-7024,-80,-4671
-8185,-598,-4418
-8569,-561,-4165
-8731,-549,-3894
-8585,-584,-3603
-7930,-100,-3350
-6877,216,-3285
-1,-1,2180
-5198,375,-3439
-3140,698,-3520
-950,940,-3325
1085,902,-2988
3007,783,-2633
4801,707,-2287
6445,731,-2057
7890,573,-2160
9218,399,-2427
10436,-373,-2756
11623,-1292,-2768
12250,-1556,-1742
12003,-552,499
11050,1579,3476
10013,4147,6488
9112,6616,8848
7541,8387,10245
4276,8814,9660
-334,4872,7189
-2543,-452,4196
-3174,-3185,2101
-4711,-2014,2184
-5895,-194,4258
-5535,-365,4992
-4608,-1490,5134
-2719,-2989,4704
-135,-3779,4325
3020,-3930,4278
6698,-3755,4650
10590,-3152,5321
14395,-2334,6166
17096,-1259,7169
18040,-68,8175
16862,1254,8784
14394,1673,8738
11660,540,8145
9457,-1563,7075
7831,-3612,5899
4306,-4194,4298
188,-450,4176
-1260,2187,4427
-2443,4259,4536
-3533,5474,4719
-4262,5619,5045
-4554,4851,5326
-4602,3469,5456
-4512,1983,5344
-4056,865,5049
-3142,321,4724
-1796,-206,4158
172,-600,3443
1504,-320,3126
2326,374,2991
2912,1099,2716
3105,1277,2275
2622,1027,1506
1584,577,496
565,145,-597
-398,-77,-1702
-1221,59,-3013
-1839,459,-4524
-2455,919,-6063
-2984,1219,-7135
-3781,1437,-7702
-4388,1840,-8018
-4498,2535,-8335
-4470,2786,-8880
-4332,2120,-9860
-4666,1489,-10847
-5257,1359,-11642
-5301,1646,-12353
-4967,1660,-12773
-4516,1451,-12970
-4047,1316,-12842
-3750,1190,-12275
-3680,1094,-11273
-3555,1121,-9989
-3283,1360,-8545
-2778,1813,-7058
-1975,2197,-6000
-1074,2102,-5484
-605,1781,-5081
-494,1422,-4709
-638,988,-4385
-1075,546,-4148
-1769,56,-3979
-2673,-633,-3787
-3832,-1610,-3531
-5263,-2676,-3181
-6363,-3358,-3028
-6504,-3435,-3257
-5672,-3145,-3445
-1,-1,2181
-43,20,-2694
1971,-1218,-3330
2054,-1679,-2778
1899,-1752,-1834
2188,-1994,-1082
2623,-2156,-85
2949,-1584,1583
3227,-468,3724
3625,671,5846
4110,1708,7773
4170,2884,9582
3581,4563,10851
2760,4352,10696
2909,1551,8732
2707,-993,6692
1947,-2091,5798
1553,-1833,5566
1722,-977,5694
2055,-884,5772
2538,-1341,5620
3248,-1685,5471
4084,-1750,5388
4962,-1735,5414
5742,-1711,5589
6811,-1527,5777
6626,-1742,5475
6178,-1884,5204
5649,-1896,4932
5114,-1576,4807
4687,-628,4656
3977,448,4645
3109,1320,4753
2326,1905,4916
1744,2170,5096
1411,2145,5247
1545,1854,5343
2060,1477,5413
2857,1177,5421
3769,898,5391
4639,541,5335
5426,203,5127
5977,-76,4743
6025,-506,4447
5598,-797,3595
4985,-1014,2723
4463,-1135,1881
4255,-1139,937
4446,-1085,87
4614,-1025,-618
4117,-1084,-1118
2692,-1332,-1505
571,-1788,-1943
-2182,-2258,-2505
-5363,-2287,-3176
-8726,-1673,-3962
-12390,-392,-4897
-15438,1288,-5334
-16589,3194,-5424
-16694,5042,-5305
-17499,5205,-5474
-15392,-1623,-8979
-11574,-3583,-11919
-8923,1334,-10306
-4352,4067,-8318
187,4764,-7169
3455,5402,-6382
4641,6114,-5845
4179,5990,-6122
3022,4562,-7126
1581,2761,-8201
6,1509,-8851
-2826,-225,-9130
-5285,-1811,-8806
-6459,-2385,-8244
-7376,-2636,-7424
-7860,-2450,-6484
-7617,-2056,-5871
-6890,-1624,-5396
-5997,-1075,-4874
-5030,-613,-4326
-3982,-334,-3815
-2866,-101,-3362
-1781,64,-2955
-865,50,-2599
-111,-102,-2292
621,-276,-2017
1242,-476,-1711
1736,-673,-1417
2119,-850,-1172
-1,-1,2182
2412,-979,-971
2630,-1089,-751
2881,-1051,-542
2891,-1292,-580
2892,-1959,-865
2856,-2536,-1057
2881,-2627,-974
2934,-2277,-533
2940,-1701,212
2306,-68,2207
785,1777,4129
-192,2267,4703
-1061,2150,4959
-1983,1386,4617
-1904,-723,3083
-1437,-2155,1807
-1439,-1990,1828
-1160,-1324,2417
-116,-936,2862
1393,-664,3159
5749,794,4795
9697,2713,7463
10255,3472,8190
9622,3547,8092
8227,2553,7346
6721,792,6459
5362,-920,5751
3947,-2197,5695
2766,-2894,6186
2328,-2922,6885
2701,-2296,7396
3438,-1271,7672
3871,-142,7867
3699,750,7839
3056,1011,7425
2212,565,6673
1360,-263,5807
655,-1033,5069
194,-1488,4563
108,-1640,4280
447,-1619,4224
1133,-1498,4389
2048,-1251,4676
3135,-830,4955
4276,-281,5129
5327,310,5137
5959,734,4974
6064,874,4437
5904,340,3835
5540,-631,3206
4994,-1547,2428
4382,-2255,1883
3863,-2462,1367
3497,-2183,809
3161,-1660,142
2708,-1223,-604
2035,-1061,-1418
920,-1110,-2230
-768,-997,-2923
-2828,-588,-3541
-4833,-63,-4170
-7111,563,-4872
-9954,1160,-5193
-12386,1668,-5709
-13927,2035,-6226
-15102,2735,-6727
-16637,2807,-7116
-15418,-1849,-8975
-12990,-3363,-11034
-10948,-38,-10158
-6893,2497,-8516
-2515,3989,-6862
1107,5021,-5212
4126,5639,-4324
5975,5925,-4287
6382,5530,-4917
5656,4293,-5902
4205,2614,-6824
2327,957,-7486
173,-412,-7883
-2100,-1374,-7970
-4280,-2025,-7807
-6274,-2581,-7474
-8097,-3077,-7082
-9500,-3407,-6933
-10097,-3544,-6975
-10073,-3237,-6862
-9648,-2555,-6362
-8805,-1908,-5579
-7420,-1373,-4743
-5595,-885,-3873
-3574,-420,-2981
-1472,-4,-2142
585,374,-1384
2306,744,-676
-1,-1,2183
3567,1009,-131
4460,1098,157
5012,1112,279
5232,1041,289
5264,902,195
5259,757,72
5255,551,-58
5099,56,-229
5005,-658,-473
4920,-1129,-613
4805,-1203,-537
4669,-943,-198
4428,-354,376
3188,1352,1817
770,2655,3039
-1004,2735,3397
-2765,2350,3596
-4554,1653,3707
-6408,777,3797
-8160,-289,4032
-8968,-2412,3731
2239,-374,4606
2239,-374,4606
3748,240,5338
4789,549,5834
5543,645,6188
5932,814,6557
5839,1069,6847
5249,1082,6853
4398,485,6554
3762,-724,6040
3313,-1987,5600
3141,-2809,5472
3238,-3063,5647
3816,-2623,6006
4664,-1841,6320
5344,-1010,6642
5796,-197,6736
6072,444,6481
6149,853,5914
5731,889,5144
4797,625,4276
3870,24,3496
3472,-738,3014
3637,-1178,2873
4247,-1066,3083
5322,-532,3548
6769,110,4084
8095,662,4516
8627,1016,4699
8023,999,4619
6805,446,4408
5452,-445,4224
3871,-1380,4102
2365,-1816,3201
1283,-1832,2287
802,-1440,1081
418,-793,-202
-514,-43,-1393
-1805,693,-2281
-3117,1231,-2924
-4562,1552,-3536
-6252,1701,-4303
-8450,1726,-4835
-10402,1771,-5241
-11706,1953,-5525
-12656,2299,-5688
-13217,-99,-6397
-9439,-3780,-9105
-7087,-1809,-9587
-4016,2089,-7875
0,4418,-6172
3158,5503,-4823
5252,5998,-4194
6410,6044,-4632
6660,5302,-5662
6186,3929,-6808
5244,2378,-7713
3968,900,-8246
2372,-406,-8489
543,-1350,-8566
-1443,-1878,-8405
-3400,-2140,-7999
-5039,-2499,-7546
-6100,-3213,-7179
-6629,-3882,-6867
-6427,-3349,-6840
-5835,-2471,-6381
-5020,-1773,-5674
-4238,-1298,-4897
-3556,-1002,-4130
-2929,-815,-3430
-2454,-766,-2757
-2145,-829,-2125
-1863,-772,-1577
-1,-1,2184
-1559,-515,-1189
-1242,-228,-1024
-961,-67,-993
-748,-26,-907
-467,-32,-773
-22,-130,-545
574,-198,-217
1176,-261,295
1750,-186,881
2187,-90,1500
2537,54,1993
2779,129,2420
2943,223,2796
2954,421,3140
2780,737,3496
2295,1156,3823
1502,1480,4045
-200,1028,3980
-1858,-722,3484
-2711,-1646,2928
-3302,-2347,2603
-3385,-2882,2438
-2868,-3155,2361
-1971,-3141,2478
-500,-2768,2900
856,-2552,3147
1515,-2721,3081
2037,-3059,2951
2420,-3390,2857
2727,-3715,2782
3144,-4102,2511
3197,-4615,2009
3245,-4937,1503
3716,-5029,1183
4501,-4787,1086
5417,-4245,1147
6496,-3457,1241
5896,-427,887
1740,-1263,-791
2209,-1097,-722
2968,-485,-469
3860,159,-173
4593,498,-26
4988,435,-36
5007,152,-63
4781,-242,-47
4633,-729,-94
4553,-1104,-186
4445,-1258,-236
4349,-1377,-273
4283,-1522,-341
4288,-1755,-474
4119,-1901,-675
3713,-2067,-914
3038,-2308,-1079
2278,-2364,-1162
1682,-2037,-1192
1412,-1378,-1144
1324,-630,-1095
1250,-141,-1086
1056,-231,-1119
786,-848,-1120
575,-1509,-1027
538,-1732,-966
676,-1389,-935
821,-861,-891
737,-545,-822
544,-628,-760
326,-992,-688
196,-1318,-571
159,-1387,-387
238,-1260,-174
444,-939,8
552,-475,-45
440,-38,-373
239,143,-635
154,51,-666
159,-61,-581
224,-121,-469
371,-79,-301
538,57,-132
584,138,17
450,26,55
153,-116,37
-207,-174,-12
-404,-147,-20
-1,-1,2185
-475,-67,39
1239,1860,865
2453,2106,903
2776,1339,741
2451,1133,547
1574,864,238
968,519,133
520,338,8
55,231,-161
-256,-39,-230
-402,-337,-204
-505,-463,-129
-537,-425,-61
-469,-319,37
-312,-241,155
-21,-47,259
236,169,304
251,88,265
70,-206,189
-113,-458,149
-204,-524,127
-158,-124,117
10,147,221
335,352,319
485,402,218
242,255,-20
-249,-20,-253
-641,-27,-260
-808,-222,-178
-864,-368,-85
-481,-214,41
-124,67,161
-93,54,173
-167,143,176
-216,175,208
-261,-332,149
-124,-473,20
-140,-361,-143
-227,-389,-181
-259,-551,-232
-343,-575,-319
-362,-323,-172
-310,-200,-139
-297,-59,-100
-251,-13,-66
-227,-5,-60
-251,34,-53
-272,9,-60
-260,-25,-61
-192,-60,-47
-109,-85,-30
-72,-74,-2
-94,-87,11
-128,-132,19
-136,-113,51
-115,-108,86
-68,-155,85
-75,-141,82
-99,-145,73
-86,-139,60
-59,-110,48
-47,-57,34
-49,-57,33
-40,-99,37
-39,-159,30
2,-258,-8
45,-310,-35
19,-313,-31
-79,-226,7
-158,-174,26
-170,-218,4
-184,-272,-23
-183,-237,-5
-144,-198,-10
-73,-115,-74
76,-42,-359
199,42,-306
275,13,-226
288,-59,-236
313,-69,-235
361,0,-199
346,103,-169
320,174,-127
238,72,-103
125,-33,-85
34,-134,-126
-7,-184,-182
-25,-199,-229
-47,-210,-237
-84,-263,-236
-106,-277,-207
-128,-188,-128
-91,-89,-78
-57,-41,-40
-1,-1,2186
-30,7,17
91,-11,20
179,-102,-18
170,-117,-10
107,-77,58
62,-35,93
-22,-10,89
-81,-6,85
-101,-26,77
-64,-33,66
-35,-9,58
-15,-12,52
-17,-31,49
-13,4,62
78,21,35
111,-9,-36
109,-56,-67
126,-90,-76
170,-75,-55
265,-82,-65
322,-65,-85
301,-24,-77
284,-108,-84
297,-274,-119
307,-339,-145
344,-346,-199
495,-295,-261
593,-23,-247
494,96,-259
401,221,-246
344,250,-209
323,236,-174
247,246,-130
148,214,-101
95,197,-64
96,169,41
90,53,70
60,39,48
45,18,32
1,0,33
-27,-68,19
-81,-162,8
-112,-195,-12
-91,-165,-21
-68,-100,-21
-2,-113,-62
-3,-65,-73
-102,77,-34
-183,158,-23
-248,185,-4
-262,187,14
-224,176,18
-209,163,42
-224,164,98
-246,123,104
-238,99,101
-169,137,127
-82,163,156
-49,166,175
-16,159,208
23,105,201
20,151,204
40,300,211
78,426,175
72,561,158
105,573,101
190,423,16
397,439,-231
267,185,-148
187,53,-69
227,117,-77
212,58,-35
161,-39,0
127,-120,-6
40,-192,-26
-3,-213,-45
23,-147,-29
82,-138,-13
94,-174,-41
33,-122,-80
-88,39,26
-114,80,111
4,71,198
86,212,236
188,419,136
259,559,-45
308,504,-207
361,322,-305
319,108,-371
291,-33,-352
275,-120,-338
352,-120,-279
221,-237,-217
68,-355,-121
-1,-1,2187
-59,-358,7
-169,-233,122
-204,-214,194
-177,-271,256
-110,-367,281
-112,-375,329
-147,-379,316
-59,-324,203
-10,-196,154
63,-25,120
128,160,114
222,128,76
261,37,16
302,51,-37
326,-5,-79
365,-135,-107
353,-204,-85
313,-274,-66
206,-362,-32
90,-457,21
46,-531,58
28,-468,41
-59,-190,61
-129,-2,104
-188,-3,131
-231,-50,132
-341,66,105
-354,283,7
-374,322,4
-310,135,64
-138,-93,22
-18,-135,19
29,-197,16
79,-352,-34
108,-375,-48
124,-310,-41
77,-192,-3
-27,-126,41
-78,-133,63
-78,-108,68
-56,-72,49
-17,-62,14
3,-91,-17
0,-101,-29
6,-80,-19
40,-88,-17
55,-98,-17
55,-74,-6
26,-64,5
20,-86,7
27,-76,24
16,-51,45
25,-42,46
26,-54,42
0,-60,49
-5,-53,57
5,-44,60
18,-19,41
29,28,33
26,45,35
60,-10,11
86,-47,-1
79,-11,10
28,36,45
-1,10,53
5,-10,48
25,7,49
25,51,60
-7,54,54
-62,41,38
-73,46,43
-81,59,65
-78,44,68
-39,23,49
-10,22,39
8,21,36
10,29,42
14,33,39
31,19,30
39,19,32
26,40,42
32,29,35
35,23,39
33,29,46
48,26,45
63,37,50
53,80,74
56,75,53
56,58,6
13,131,-9
11,129,-19
12,106,-41
-7,289,-47
57,386,-37
147,264,-49
193,214,-63
164,294,-128
151,286,-99
-1,-1,2188
100,245,-176
90,152,-190
73,66,-177
45,22,-153
17,-14,-112
4,-28,-48
-7,30,14
-77,198,91
-96,288,153
-70,236,168
-26,134,141
0,45,103
22,-42,115
-40,-27,30
-9,-23,96
-1,-1,2189
-30,35,164
-30,35,164
-135,-39,192
-134,16,200
-120,109,228
-78,138,237
-1,-1,2190
-73,97,215
-119,9,209
-211,-49,201
-345,-130,239
-428,-320,232
-407,-164,372
-496,-56,355
-474,-86,339
-431,-60,360
-419,-31,480
-361,-133,602
-422,-366,383
-304,-452,147
-112,-387,93
9,-224,142
53,-88,144
98,-78,110
183,-121,63
252,-466,-45
-53,-344,-41
11,-483,-121
-123,-598,-154
-185,-681,-168
-200,-631,-173
-194,-521,-158
-184,-475,-149
-161,-461,-141
-133,-441,-132
-102,-405,-113
-62,-336,-102
-6,-246,-68
28,-202,-17
54,-184,10
74,-117,35
126,-38,31
202,57,-5
294,210,-45
430,392,-81
605,619,-150
875,690,-86
896,60,411
499,-299,779
170,-502,656
421,-428,457
727,-209,406
759,61,464
617,379,429
467,468,327
343,403,198
329,319,69
354,163,-88
354,59,-204
241,14,-254
180,-49,-330
235,-130,-341
248,-173,-323
264,-182,-335
242,-176,-292
193,-160,-193
128,-132,-75
53,-105,27
69,-66,118
78,-56,181
5,3,246
-135,22,276
-258,43,288
-263,47,271
-248,24,237
-177,-10,221
-195,-55,183
-260,-68,147
-307,-66,93
-310,-71,45
-295,-106,-11
-310,-123,-43
-307,-118,-46
-315,-121,-65
-341,-88,-82
-372,-61,-82
-356,-38,-47
-268,-37,-36
-190,-53,-44
-116,-83,-24
-77,-146,-15
-103,-173,-27
-163,-182,-34
-238,-125,-9
-290,-47,38
-244,-13,57
-173,9,44
-97,43,37
-59,100,48
-27,150,83
7,148,99
42,124,104
62,95,117
-1,-1,2191
63,34,102
69,58,111
67,40,72
79,-6,15
61,0,0
48,13,-18
42,5,-39
33,5,-24
27,-28,6
-38,-78,34
-116,-118,42
-177,-128,45
-205,-121,13
-156,-109,-57
-57,-50,-106
51,-50,-145
147,-82,-164
204,-46,-143
237,-15,-104
270,-59,-123
